cohortId,checksum,timeStamp
1,4298948550a10677a188f2c8bdd57413,2023-03-02T20:09:51Z
2,7452f1825a18124d4f87f31801288439,2023-03-02T20:09:53Z
3,7375ef02e3153120ef3a1d3da5c587a7,2023-03-02T20:09:53Z
4,13325097ae9ca901e1a0564e754978c4,2023-03-02T20:09:54Z
5,8ceaf62bc2e3111d40be7e53fa67d2a7,2023-03-02T20:09:55Z
7,cd4298a4a53de861670f16508e075a6e,2023-03-02T20:09:56Z
8,2a7c17597851bf02ffa6ce5d115308a2,2023-03-02T20:09:56Z
9,cd4298a4a53de861670f16508e075a6e,2023-03-02T20:09:58Z
10,2b762ebb0b92c5c7abb545852afe6bd6,2023-03-02T20:09:58Z
11,c74243ee10b254abf0bf31213d0458c2,2023-03-02T20:09:59Z
12,10c2d02eec46acab60e68b6bde800bee,2023-03-02T20:09:59Z
13,28cf8c276a782321e9d58857b654ef74,2023-03-02T20:10:00Z
14,ea6d85d07e084b45c751a2a72398adab,2023-03-02T20:10:01Z
15,40c4840d73e9f6f3a17ff753c4b1822e,2023-03-02T20:10:01Z
16,d7f4138a323753f0974c2c8efaccea25,2023-03-02T20:10:04Z
17,cf17a98576f98176b1203cc8e0bb0a26,2023-03-02T20:10:05Z
18,ea6d85d07e084b45c751a2a72398adab,2023-03-02T20:10:05Z
19,65fc7cab90b32808dd122c324088c9cc,2023-03-02T20:10:05Z
20,a1edc748ff6add56fee4fc1ff7318622,2023-03-02T20:10:06Z
21,a2224e022cbf5602e1143fdcbc41a918,2023-03-02T20:10:06Z
22,255d72eec3ad5e991c19791463aacb19,2023-03-02T20:10:06Z
23,b8c2a59906d39036243bc4f9d4716d44,2023-03-02T20:10:06Z
25,1606eaf179e35350587e8939c70449c1,2023-03-02T20:10:07Z
26,b7a18b5d89492d3a9c1193ffb996b3e4,2023-03-02T20:10:07Z
27,12d6e31a862eb2049e20f5cc5d542923,2023-03-02T20:10:07Z
28,132f37c7ac0d97f30e68fbd12b88f74d,2023-03-02T20:10:08Z
36,dfee85368e139d27756910824a85fcc9,2023-03-02T20:10:08Z
37,5ea6f5c6896fe240b9bb52f8ff977894,2023-03-02T20:10:09Z
38,de51f9262c85a869eca168ba142cdb3b,2023-03-02T20:10:15Z
40,d40158f1e8fc1e5906270c98ec882806,2023-03-02T20:10:15Z
42,c61860d8c05dce91f5f9498ac343c6a1,2023-03-02T20:10:16Z
43,d7d8d130164140dd0fdc89fb0d4b23fa,2023-03-02T20:10:16Z
44,3d18e4ab8c0d2991e9b37e831af1ff6d,2023-03-02T20:10:16Z
45,24d9d7aac7f2a2469b885a26799fe108,2023-03-02T20:10:17Z
46,eaa0e730a7bccb41ad75ced3529b3433,2023-03-02T20:10:17Z
47,017f17f4dfb3192b0c25e8eb00d951b4,2023-03-02T20:10:19Z
48,017f17f4dfb3192b0c25e8eb00d951b4,2023-03-02T20:10:20Z
49,c40232d24808e346c244b5ffd332c023,2023-03-02T20:10:22Z
50,e94e260bbc41b18a2f8ce27f198938f3,2023-03-02T20:10:24Z
51,2b762ebb0b92c5c7abb545852afe6bd6,2023-03-02T20:10:24Z
52,10c2d02eec46acab60e68b6bde800bee,2023-03-02T20:10:24Z
53,c74243ee10b254abf0bf31213d0458c2,2023-03-02T20:10:25Z
58,a80acb89c1b76937284a9bb18aa02cb0,2023-03-02T20:10:25Z
59,5ce832b78d99dad57a827fdf9287d3fd,2023-03-02T20:10:25Z
